{
  "숙명여대": [37.54643849947151, 126.9647258470644],
  "서초대로": [37.4900696218267, 127.00633218032169],
  "도산대로": [37.5229506730658, 127.037032355109],
  "테헤란로": [37.508651435836725, 127.05977475920854],
  "강남대로": [37.49502897489097, 127.02902139631435],
  "역삼대로": [37.4994498598132, 127.033745694938],
  "명동": [37.5620769169639, 126.984901336292]
}
